排名,区域,城市,国家,国家(英),国旗,游民数,月成本 (USD),货币类型,网络,社群,生活,安全,英语,步行,空气,女性友好,LGBTQ+,夜生活,安静指数,种族包容,年均气温 (°C),最佳季节,签证,综合分,最后更新
1,拉美,墨西哥城,墨西哥,Mexico,🇲🇽,50000,1500,美元,7,8,9,6,7,7,5,7,8,8,5,7,17,"3月-5月, 10月-11月",临时居留6月,7.1,2026-08-08
2,亚洲,巴厘岛 (长谷),印尼,Indonesia,🇮🇩,30000,1400,美元,6,9.5,7,8,6,4,7,7,7,6,6,6,27,4月-10月,B211A 6月/VOA,6.8,2026-08-08
3,欧洲,里斯本,葡萄牙,Portugal,🇵🇹,16000,2300,美元,7.5,8,8,8.5,7,7,7,9,9,8,7,8,18,"4月-6月, 9月-10月",D7/D8 数字游民签证,7.9,2026-08-08
4,欧洲,巴塞罗那,西班牙,Spain,🇪🇸,9600,2400,美元,7,8,9,7,7,8,6,8,9,9,5,6,17,"5月-6月, 9月-10月",西班牙数字游民签证,7.4,2026-08-08
5,亚洲,上海,中国,China,🇨🇳,5000,2000,人民币,9,8,9,9,5,8,5.5,8.5,4,9,5.5,8,17,"3月-5月, 9月-11月",国内无需签证/240h免签过境,7.6,2026-08-08
6,亚洲,大理,中国,China,🇨🇳,5000,850,人民币,8,9.5,7.5,9,3,8,8.5,8,3,6.5,8.5,8.5,15,"3月-5月, 9月-11月",国内无需签证/240h免签过境,7.5,2026-08-08
7,亚洲,清迈,泰国,Thailand,🇹🇭,5000,850,美元,7.5,9,6,8.5,4,6,5,7,6,5,7,7,25,11月-2月,DTV 5年/教育签证,6.7,2026-08-08
8,亚洲,北京,中国,China,🇨🇳,4500,2200,人民币,9,7.5,8.5,8.5,4.5,7,5,8.5,4,8,5.5,8,13,"4月-6月, 9月-10月",国内无需签证/240h免签过境,7.2,2026-08-08
9,拉美,麦德林,哥伦比亚,Colombia,🇨🇴,4200,1200,美元,6.5,9,8,6,5,6,6,7,8,7,6,7,22,"12月-3月, 7月-8月",游民签M,6.8,2026-08-08
10,亚洲,杭州,中国,China,🇨🇳,4000,1500,人民币,9,8.5,8,9,3.5,8,5,8,3,7,6.5,7.5,17,"3月-5月, 9月-11月",国内无需签证/240h免签过境,7.2,2026-08-08
11,亚洲,深圳,中国,China,🇨🇳,4000,2100,人民币,9,8,8.5,8.5,4.5,7.5,5.5,8,3.5,8,5.5,7.5,23,10月-4月,国内无需签证/240h免签过境,7.2,2026-08-08
12,亚洲,胡志明市,越南,Vietnam,🇻🇳,3800,850,美元,7,8,8,7.5,4,6,5,7,6,7,5,7,28,12月-4月,电子签/免签45天,6.6,2026-08-08
13,亚洲,成都,中国,China,🇨🇳,3500,1450,人民币,8.5,8.5,9,9,3,8,4.5,8.5,3.5,9,6.5,7.5,16,"3月-5月, 9月-11月",国内无需签证/240h免签过境,7.3,2026-08-08
14,亚洲,曼谷,泰国,Thailand,🇹🇭,3200,1150,美元,8,8,8,7,5,5,4,6,7,9,5,7,29,11月-2月,DTV/教育签证,6.7,2026-08-08
15,拉美,布宜诺斯艾利斯,阿根廷,Argentina,🇦🇷,3000,1100,美元,6.5,8,8,7,6,7,6,8,8,8,6,7,18,"9月-12月, 3月-4月",数字游民签,7.1,2026-08-08
16,亚洲,河内,越南,Vietnam,🇻🇳,2500,800,美元,6.5,8,7,8,4,6,4,7,5,6,6,7,24,10月-12月,电子签,6.4,2026-08-08
17,亚洲,班加罗尔,印度,India,🇮🇳,2500,900,美元,6,8,7,7,7,5,4,6,5,6,5,6,24,10月-2月,电子签,6.2,2026-08-08
18,欧洲,第比利斯,格鲁吉亚,Georgia,🇬🇪,2400,1100,美元,7,8,6,8,5,7,7,6,6,5,7,7,13,5月-10月,免签1年,6.7,2026-08-08
19,拉美,图卢姆,墨西哥,Mexico,🇲🇽,2400,1700,美元,5,8,6,6,6,4,7,6,7,5,6,6,26,11月-4月,临时居留,6.1,2026-08-08
20,欧洲,柏林,德国,Germany,🇩🇪,2200,2700,美元,8,8,9,7,8,9,6,8,9,9,6,7,10,5月-9月,自由职业者签证,7.8,2026-08-08
21,欧洲,拉斯帕尔马斯,西班牙,Spain,🇪🇸,2200,1700,美元,7,8,7,8,7,7,8,8,8,7,7,7,22,全年,西班牙数字游民,7.5,2026-08-08
22,亚洲,吉隆坡,马来西亚,Malaysia,🇲🇾,2200,1100,美元,7,7,7,7,6,6,5,6,5,6,5,7,28,5月-8月,DE R passes,6.3,2026-08-08
23,欧洲,伊斯坦布尔,土耳其,Türkiye,🇹🇷,2000,1200,美元,6,7,8,7,5,7,5,6,6,7,5,6,14,"4月-5月, 9月-10月",免签/居留,6.3,2026-08-08
24,拉美,普拉亚德尔卡曼,墨西哥,Mexico,🇲🇽,2000,1500,美元,6,7,7,6,6,6,7,6,7,7,5,6,27,11月-4月,临时居留,6.3,2026-08-08
25,中东,迪拜,阿联酋,UAE,🇦🇪,1900,3200,美元,9,6,8,9,9,6,6,5,5,8,7,6,30,11月-3月,旅游签/虚拟办公,7.2,2026-08-08
26,亚洲,普吉,泰国,Thailand,🇹🇭,1900,1250,美元,6.5,7,7,8,5,5,7,6,7,7,6,7,28,11月-4月,DTV 5年,6.6,2026-08-08
27,亚洲,东京,日本,Japan,🇯🇵,1800,2600,美元,9.5,7,9,9.5,4,9,8,6,6,8,6,7,16,"3月-5月, 10月-11月",免签15-90天(依国籍)/经营管理,7.6,2026-08-08
28,亚洲,南京,中国,China,🇨🇳,1800,2000,人民币,8.5,6.5,8,9,3.5,8,6,8,3,7,6.5,7,16,"3月-5月, 9月-11月",国内无需签证/240h免签过境,6.9,2026-08-08
29,亚洲,西安,中国,China,🇨🇳,1800,1500,人民币,8.5,7,8,8.5,3.5,8,4.5,8,3,7,6.5,7,14,"3月-5月, 9月-11月",国内无需签证/240h免签过境,6.8,2026-08-08
30,非洲,开普敦,南非,South Africa,🇿🇦,1800,1600,美元,5.5,7,7,5,8,5,7,7,8,6,6,6,17,11月-3月,游民签/旅游,6.4,2026-08-08
31,拉美,里约,巴西,Brazil,🇧🇷,1800,1500,美元,6,7,9,5,5,5,6,6,8,9,5,6,25,5月-8月,数字游民签,6.4,2026-08-08
32,亚洲,果阿,印度,India,🇮🇳,1800,1000,美元,5,7,6,7,6,4,7,6,5,5,6,6,28,11月-2月,电子签,6,2026-08-08
33,拉美,卡塔赫纳,哥伦比亚,Colombia,🇨🇴,1800,1300,美元,6,7,7,5,4,5,5,6,7,7,5,6,28,12月-3月,游民签M,5.8,2026-08-08
34,欧洲,布达佩斯,匈牙利,Hungary,🇭🇺,1700,1400,美元,7.5,7,8,8,6,8,7,8,8,8,7,7,11,"4月-6月, 9月-10月",白卡/游民签,7.4,2026-08-08
35,亚洲,新加坡,新加坡,Singapore,🇸🇬,1600,3500,美元,9.5,6,8,9.5,9,9,5,6,6,8,6,7,28,全年,旅签/创业准证,7.6,2026-08-08
36,欧洲,布拉格,捷克,Czechia,🇨🇿,1600,1600,美元,7.5,7,8,8,7,8,7,8,7,8,7,7,9,5月-9月,捷克游民签,7.5,2026-08-08
37,拉美,巴拿马城,巴拿马,Panama,🇵🇦,1600,1800,美元,6,7,7,7,6,5,6,7,7,6,6,7,28,12月-3月,游民签/短租友好,6.5,2026-08-08
38,亚洲,三亚,中国,China,🇨🇳,1500,2000,人民币,8,6.5,8,9,4,7,8,8,3,7,7,7.5,26,10月-4月,国内无需签证/海南30天免签(59国),7.1,2026-08-08
39,亚洲,昆明,中国,China,🇨🇳,1500,1500,人民币,8,7,7,9,3,7.5,7.5,8,2.5,6.5,7.5,7,15,全年,国内无需签证/240h免签过境,6.9,2026-08-08
40,亚洲,苏州,中国,China,🇨🇳,1500,2000,人民币,8.5,6.5,7.5,9,3,8,6,8,2.5,6,7,7,17,"3月-5月, 9月-11月",国内无需签证/240h免签过境,6.8,2026-08-08
41,欧洲,班斯科,保加利亚,Bulgaria,🇧🇬,1500,900,美元,7,8,5,8,5,6,8,7,6,4,8,6,10,"6月-9月, 12月-3月滑雪",保加利亚游民签,6.6,2026-08-08
42,亚洲,岘港,越南,Vietnam,🇻🇳,1500,800,美元,7,7,6,8,4,5,7,7,5,5,7,7,26,2月-5月,电子签,6.4,2026-08-08
43,亚洲,雅加达,印尼,Indonesia,🇮🇩,1500,1100,美元,7,6,7,6,5,6,3,5,4,7,4,5,28,6月-9月,B211A,5.6,2026-08-08
44,亚洲,台北,台湾,Taiwan,🇹🇼,1400,1700,美元,9,7,8,9,6,8,7,8,7,7,7,8,23,10月-12月,免签14-90天(依国籍),7.7,2026-08-08
45,欧洲,克拉科夫,波兰,Poland,🇵🇱,1400,1300,美元,7.5,7,7,8,7,8,7,8,7,7,7,7,9,5月-9月,波兰游民签,7.3,2026-08-08
46,拉美,利马,秘鲁,Peru,🇵🇪,1400,1300,美元,6,7,7,6,5,6,5,6,7,6,5,6,20,12月-4月,旅游签183天,6.1,2026-08-08
47,欧洲,波尔图,葡萄牙,Portugal,🇵🇹,1300,1900,美元,7,7,7,8.5,6,7,8,9,8,6,7,8,16,5月-9月,D7/D8,7.4,2026-08-08
48,亚洲,首尔,韩国,South Korea,🇰🇷,1300,2200,美元,9.5,6,8,9,5,8,6,6,5,8,6,7,13,"4月-6月, 9月-10月",免签/创业签,7.1,2026-08-08
49,欧洲,特内里费,西班牙,Spain,🇪🇸,1300,1600,美元,6.5,7,6,8,6,6,8,8,8,5,7,7,22,全年,西班牙数字游民,6.9,2026-08-08
50,欧洲,雅典,希腊,Greece,🇬🇷,1300,1700,美元,6.5,7,7,7,6,6,6,7,7,6,6,7,19,"4月-6月, 9月-10月",希腊游民签,6.6,2026-08-08
51,亚洲,槟城,马来西亚,Malaysia,🇲🇾,1300,950,美元,6,7,6,8,6,6,7,7,5,5,7,7,28,12月-2月,DE R passes,6.5,2026-08-08
52,亚洲,金边,柬埔寨,Cambodia,🇰🇭,1300,900,美元,5.5,7,6,7,4,5,4,6,5,5,6,6,28,11月-2月,E-visa/落地,5.7,2026-08-08
53,欧洲,塔林,爱沙尼亚,Estonia,🇪🇪,1200,1800,美元,8,7,6,8.5,7,8,8,8,7,6,8,8,6,6月-8月,数字游民签证,7.5,2026-08-08
54,亚洲,厦门,中国,China,🇨🇳,1200,1800,人民币,8.5,7,8,9,4,8,7,8,3,7,7,7.5,21,10月-4月,国内无需签证/240h免签过境,7.2,2026-08-08
55,亚洲,青岛,中国,China,🇨🇳,1200,1900,人民币,8.5,6.5,7.5,9,4,7.5,7,8,2.5,6.5,7,7,13,5月-9月,国内无需签证/240h免签过境,6.9,2026-08-08
56,亚洲,丽江,中国,China,🇨🇳,1200,1200,人民币,7.5,6.5,7,8.5,3.5,8,8.5,7.5,2.5,6.5,7.5,7,13,"3月-5月, 9月-11月",国内无需签证/240h免签过境,6.8,2026-08-08
57,拉美,圣米格尔,墨西哥,Mexico,🇲🇽,1200,1400,美元,5.5,7,6,7,6,7,7,8,7,5,7,7,18,10月-5月,临时居留,6.6,2026-08-08
58,非洲,内罗毕,肯尼亚,Kenya,🇰🇪,1200,1200,美元,5,7,6,5,7,5,5,6,6,6,5,6,22,"7月-9月, 1月-2月",游民签,5.8,2026-08-08
59,亚洲,马尼拉,菲律宾,Philippines,🇵🇭,1200,1000,美元,6,6,6,5.5,8,5,4,5,5,6,4,6,29,12月-2月,免签30天,5.6,2026-08-08
60,欧洲,马德拉,葡萄牙,Portugal,🇵🇹,1100,1600,美元,6.5,7,6,9,7,5,9,8,8,4,8,8,20,3月-10月,D7/D8,7.2,2026-08-08
61,欧洲,斯普利特,克罗地亚,Croatia,🇭🇷,1100,1500,美元,7,7,6,8,6,7,8,8,7,5,7,7,17,5月-9月,Croatia游民签/申根,7,2026-08-08
62,拉美,弗洛里亚诺波利斯,巴西,Brazil,🇧🇷,1100,1300,美元,5.5,7,7,7,5,5,8,7,8,5,7,7,21,12月-3月,数字游民签,6.6,2026-08-08
63,拉美,瓦哈卡,墨西哥,Mexico,🇲🇽,1100,1100,美元,5.5,7,6,7,5,7,7,7,7,5,7,7,20,10月-5月,临时居留,6.5,2026-08-08
64,亚洲,宿务,菲律宾,Philippines,🇵🇭,1100,900,美元,5.5,7,6,7,7,4,7,7,5,5,6,7,28,12月-5月,免签30天,6.2,2026-08-08
65,非洲,约翰内斯堡,南非,South Africa,🇿🇦,1100,1300,美元,5.5,6,6,4,8,5,5,6,5,6,5,5,16,"9月-11月, 3月-5月",游民签/旅游,5.6,2026-08-08
66,亚洲,阳朔,中国,China,🇨🇳,1000,1200,人民币,7.5,7,8,8.5,5,8,8,8,3,6,7.5,8,19,4月-10月,国内无需签证/240h免签过境,7.2,2026-08-08
67,拉美,蒙得维的亚,乌拉圭,Uruguay,🇺🇾,1000,1400,美元,6,6,6,8,6,7,7,8,8,5,7,8,16,11月-3月,免签90天(多数国家),6.8,2026-08-08
68,欧洲,贝尔格莱德,塞尔维亚,Serbia,🇷🇸,900,1300,美元,7,7,7,7,5,6,6,6,6,7,6,6,12,5月-9月,免签30天,6.4,2026-08-08
69,拉美,卡波圣卢卡斯,墨西哥,Mexico,🇲🇽,900,1700,美元,5.5,6,7,7,6,5,7,6,7,7,6,6,24,11月-4月,临时居留,6.3,2026-08-08
70,亚洲,暹粒,柬埔寨,Cambodia,🇰🇭,900,800,美元,5,6,5,8,4,5,5,6,5,4,7,7,28,11月-2月,落地签,5.7,2026-08-08
71,亚洲,苏梅岛,泰国,Thailand,🇹🇭,800,1350,美元,6,6,6,8.5,5,5,8,7,7,6,7,7,28,12月-4月,DTV 5年,6.6,2026-08-08
72,欧洲,索菲亚,保加利亚,Bulgaria,🇧🇬,800,1200,美元,7.5,7,6,8,5,6,6,7,6,5,7,6,11,5月-9月,保加利亚游民签,6.5,2026-08-08
73,拉美,安提瓜,危地马拉,Guatemala,🇬🇹,800,1100,美元,5,6,5,6,5,6,7,6,5,4,6,6,19,11月-4月,旅游签,5.6,2026-08-08
74,非洲,马拉喀什,摩洛哥,Morocco,🇲🇦,800,900,美元,5,6,6,6,5,4,6,5,5,5,6,5,21,"3月-5月, 9月-11月",旅游签90天,5.4,2026-08-08
75,中东,阿布扎比,阿联酋,UAE,🇦🇪,700,3100,美元,8.5,5,7,9,9,5,6,5,5,6,7,6,30,11月-3月,旅游签,6.7,2026-08-08
76,非洲,塔加祖特,摩洛哥,Morocco,🇲🇦,700,900,美元,5,6,5,7,5,4,8,6,5,4,7,6,20,4月-10月冲浪,旅游签,5.7,2026-08-08
77,非洲,开罗,埃及,Egypt,🇪🇬,700,800,美元,5,5,6,6,5,5,4,4,3,5,5,5,22,10月-4月,旅游签,4.9,2026-08-08
78,非洲,基加利,卢旺达,Rwanda,🇷🇼,600,1100,美元,5,5,5,8,6,6,7,6,4,4,8,7,21,6月-9月,游民签/旅游,5.9,2026-08-08
79,亚洲,安吉,中国,China,🇨🇳,500,900,人民币,7.5,8.5,6.5,9.5,2,7,8,8.5,2.5,4,8.5,6.5,16,"4月-6月, 9月-11月",国内无需签证/240h免签过境(杭州入境),6.9,2026-08-08
80,中东,多哈,卡塔尔,Qatar,🇶🇦,500,2800,美元,8,5,6,9,8,5,6,5,4,5,7,6,30,11月-3月,免签30天,6.4,2026-08-08
