排名,区域,城市,国家,国家(英),国旗,游民数,月成本 (USD),货币类型,网络,社群,生活,安全,英语,步行,空气,女性友好,LGBTQ+,夜生活,安静指数,种族包容,年均气温 (°C),最佳季节,签证,综合分,最后更新
1,亚洲,上海,中国,China,🇨🇳,5000,2000,人民币,9.0,8.0,9.0,9.0,5.0,8.0,5.5,8.5,4.0,9.0,5.5,8.0,17,"3月-5月, 9月-11月",国内无需签证/240h免签过境,7.6,2026-08-08
2,亚洲,大理,中国,China,🇨🇳,5000,850,人民币,8.0,9.5,7.5,9.0,3.0,8.0,8.5,8.0,3.0,6.5,8.5,8.5,15,"3月-5月, 9月-11月",国内无需签证/240h免签过境,7.5,2026-08-08
3,亚洲,成都,中国,China,🇨🇳,3500,1450,人民币,8.5,8.5,9.0,9.0,3.0,8.0,4.5,8.5,3.5,9.0,6.5,7.5,16,"3月-5月, 9月-11月",国内无需签证/240h免签过境,7.3,2026-08-08
4,亚洲,杭州,中国,China,🇨🇳,4000,1500,人民币,9.0,8.5,8.0,9.0,3.5,8.0,5.0,8.0,3.0,7.0,6.5,7.5,17,"3月-5月, 9月-11月",国内无需签证/240h免签过境,7.2,2026-08-08
5,亚洲,深圳,中国,China,🇨🇳,4000,2100,人民币,9.0,8.0,8.5,8.5,4.5,7.5,5.5,8.0,3.5,8.0,5.5,7.5,23,10月-4月,国内无需签证/240h免签过境,7.2,2026-08-08
6,亚洲,北京,中国,China,🇨🇳,4500,2200,人民币,9.0,7.5,8.5,8.5,4.5,7.0,5.0,8.5,4.0,8.0,5.5,8.0,13,"4月-6月, 9月-10月",国内无需签证/240h免签过境,7.2,2026-08-08
7,亚洲,厦门,中国,China,🇨🇳,1200,1800,人民币,8.5,7.0,8.0,9.0,4.0,8.0,7.0,8.0,3.0,7.0,7.0,7.5,21,10月-4月,国内无需签证/240h免签过境,7.2,2026-08-08
8,亚洲,阳朔,中国,China,🇨🇳,1000,1200,人民币,7.5,7.0,8.0,8.5,5.0,8.0,8.0,8.0,3.0,6.0,7.5,8.0,19,4月-10月,国内无需签证/240h免签过境,7.2,2026-08-08
9,亚洲,三亚,中国,China,🇨🇳,1500,2000,人民币,8.0,6.5,8.0,9.0,4.0,7.0,8.0,8.0,3.0,7.0,7.0,7.5,26,10月-4月,国内无需签证/海南30天免签(59国),7.1,2026-08-08
10,亚洲,安吉,中国,China,🇨🇳,1800,900,人民币,7.5,8.5,6.5,9.5,2.0,7.0,8.0,8.5,2.5,4.0,8.5,6.5,16,"4月-6月, 9月-11月",国内无需签证/240h免签过境(杭州入境),6.9,2026-08-08
11,亚洲,昆明,中国,China,🇨🇳,1500,1500,人民币,8.0,7.0,7.0,9.0,3.0,7.5,7.5,8.0,2.5,6.5,7.5,7.0,15,全年,国内无需签证/240h免签过境,6.9,2026-08-08
12,亚洲,青岛,中国,China,🇨🇳,1200,1900,人民币,8.5,6.5,7.5,9.0,4.0,7.5,7.0,8.0,2.5,6.5,7.0,7.0,13,5月-9月,国内无需签证/240h免签过境,6.9,2026-08-08
13,亚洲,南京,中国,China,🇨🇳,1800,2000,人民币,8.5,6.5,8.0,9.0,3.5,8.0,6.0,8.0,3.0,7.0,6.5,7.0,16,"3月-5月, 9月-11月",国内无需签证/240h免签过境,6.9,2026-08-08
14,亚洲,苏州,中国,China,🇨🇳,1500,2000,人民币,8.5,6.5,7.5,9.0,3.0,8.0,6.0,8.0,2.5,6.0,7.0,7.0,17,"3月-5月, 9月-11月",国内无需签证/240h免签过境,6.8,2026-08-08
15,亚洲,西安,中国,China,🇨🇳,1800,1500,人民币,8.5,7.0,8.0,8.5,3.5,8.0,4.5,8.0,3.0,7.0,6.5,7.0,14,"3月-5月, 9月-11月",国内无需签证/240h免签过境,6.8,2026-08-08
16,亚洲,丽江,中国,China,🇨🇳,1200,1200,人民币,7.5,6.5,7.0,8.5,3.5,8.0,8.5,7.5,2.5,6.5,7.5,7.0,13,"3月-5月, 9月-11月",国内无需签证/240h免签过境,6.8,2026-08-08
